,original,translation,target,label
69,"A woman's place is with her husband or her family, and feminists can't change that.","Phụ nữ thì chỉ nên ở nhà lo cho chồng con, mấy đứa theo chủ nghĩa nữ quyền có cố gắng thế nào cũng không thay đổi được điều đó đâu.",Women,Explicit HS
70,White race is superior. Niggas are just a bunch of criminals.,Người da trắng là thượng đẳng. Bọn da đen chỉ toàn là lũ tội phạm.,Ethnic/Racial Minorities,Explicit HS
71,"Women are subhuman, they should obey men and be submissive.","Phụ nữ chỉ là loài hạ đẳng, họ phải biết nghe lời và phục tùng đàn ông.",Women,Explicit HS
72,"I don't like niggas, they are just a bunch of criminals and thieves.","Tao không ưa bọn da đen, chúng chỉ toàn là lũ tội phạm và trộm cắp.",Ethnic/Racial Minorities,Explicit HS
73,"Muslims steal the work of our citizens. I do not care if they have more skills, it is not right! First we and then them!","Bọn Hồi giáo cướp việc của người dân chúng ta. Tao không quan tâm tụi nó có giỏi hơn hay không, như vậy là không đúng! Phải là chúng ta trước, rồi mới đến lượt tụi nó!",Religious Groups,Explicit HS
74,We shouldn't welcome Muslims. They are most likely to perpetrate terrorist attacks in Europe.,Chúng ta không nên chào đón người Hồi giáo. Tụi nó dễ gây ra khủng bố ở châu Âu nhất.,Religious Groups,Explicit HS
75,Say we have a peacefull religion or we kill you.,"Tụi tao bảo đạo của tụi tao là hòa bình, không thì tụi tao giết mày.",Religious Groups,Explicit HS
76,"Our government has allowed in this islamic filth: machete attacks, women exploitation, gang rapes, killings. How dare they?","Chính phủ của chúng ta đã cho phép lũ Hồi giáo bẩn thỉu này vào: tấn công bằng dao, bóc lột phụ nữ, hiếp dâm tập thể, giết người. Sao họ dám làm vậy?",Religious Groups,Explicit HS
77,Jews killed Jesus because of his religion.,Người Do Thái đã giết Chúa Giêsu chỉ vì tôn giáo của ông ta.,Religious Groups,Explicit HS
78,"We don´t want to stop arabic peoples,we want to stop Islam a doctrine that says that killing infidels is the way to go,and we will stop it,we will kill and deport you all before you are a menace.","Chúng tao không muốn ngăn chặn người Ả Rập, chúng tao muốn ngăn chặn Hồi giáo, cái giáo lý mà bảo giết kẻ ngoại đạo là con đường đúng đắn. Chúng tao sẽ ngăn chặn nó, sẽ giết và trục xuất hết bọn mày trước khi bọn mày trở thành mối đe dọa.",Religious Groups,Explicit HS
79,"Blac Chyna is straight trash and an abomination to women everywhere. Don’t @ me cause I don’t care. Hoe responsibly, bitches.","Blac Chyna đúng là rác rưởi và là nỗi ô nhục cho phụ nữ khắp nơi. Đừng có mà ý kiến ý cò gì với tao vì tao không quan tâm đâu. Làm gái thì cũng phải biết tự trọng chứ, mấy con điếm.",Women,Explicit HS
80,We have to get rid of Islam now! We will all be killed in the streets!,Phải loại bỏ Hồi giáo ngay bây giờ! Nếu không thì chúng ta sẽ bị giết hết ngoài đường!,Religious Groups,Explicit HS
81,"Islam is incompatible with British culture, it is a den of terrorists.","Hồi giáo không thể hòa hợp với văn hóa Anh, đó là ổ của bọn khủng bố.",Religious Groups,Explicit HS
82,"Muslims do not want peace like they say, all they know is hate.","Người Hồi giáo không hề muốn hòa bình như họ nói, tất cả những gì họ biết chỉ là thù hận.",Religious Groups,Explicit HS
83,Muslims just want to kill us all.,Bọn Hồi giáo chỉ muốn giết hết chúng ta thôi.,Religious Groups,Explicit HS
84,"You know, if I had the chance to kill you, I would have done it, with a smile.","Mày biết không, nếu tao có cơ hội giết mày thì tao đã làm rồi, và còn cười nữa.",Non-Specified or General Targets,Explicit HS
85,Muslims are nothing but criminals and terrorists.,Người Hồi giáo chỉ toàn là bọn tội phạm và khủng bố.,Religious Groups,Explicit HS
86,"Islam is not a religion, it is a political ideology and a mechanism for the establishment of a Muslim caliphate.","Hồi giáo không phải là tôn giáo, nó là một ý thức hệ chính trị và công cụ để thiết lập một đế chế Hồi giáo.",Religious Groups,Explicit HS
87,you are not white  you are an inferior race to the turkeys  i like turkeys but you are lesser turkeys .,"mày không phải là người da trắng, mày là giống loài thấp kém hơn cả lũ gà tây. tao thích gà tây nhưng mày còn thua cả chúng nó.",Ethnic/Racial Minorities,Explicit HS
88,Any White woman that has disgraced the white race and inbread with monkeys will be executed and dumped in the same mass graves as the Muslim and African PIG!,Bất kỳ người phụ nữ da trắng nào làm ô nhục chủng tộc mình bằng cách lai tạo với bọn khỉ thì sẽ bị xử tử và vứt vào hố chôn tập thể cùng với lũ HEO Hồi giáo và châu Phi!,Women,Explicit HS
89,"Islam and ISIS should go to hell. All Muslims should be immediately sent to their country, because they are all intolerant criminals. If we do so, Britain will be a safer place.","Hồi giáo và ISIS đáng bị đày xuống địa ngục. Tất cả người Hồi giáo nên bị tống cổ về nước của họ ngay lập tức, bởi vì bọn chúng đều là tội phạm không biết khoan dung. Làm như vậy thì nước Anh mới an toàn hơn.",Religious Groups,Explicit HS
90,"Women are there to fulfill men desires. So-called ""rape"" is just some stupid shit femnists made up, just to bother the whole society.","Phụ nữ sinh ra chỉ để phục vụ ham muốn của đàn ông. Cái gọi là ""hiếp dâm"" chỉ là trò vớ vẩn do mấy đứa nữ quyền bày ra để làm phiền cả xã hội.",Women,Explicit HS
91,"Church Takes Stand Against Trump's Immigration Policy in the Most Foul, Disgusting Way https://t.co/iL4BkLnGFc via @FlagandC  This is a cult,not a church.More useful fools...","Đây không phải là nhà thờ mà là một tà giáo, toàn lũ ngu dốt bị lợi dụng...",Political Affiliations,Explicit HS
92,They killed 6 million innocent Jews who I will see again in the heavens some day while Hitler and the rest of you Nazi scum burn in Hell for all eternity.,"Chúng đã giết 6 triệu người Do Thái vô tội mà tao sẽ gặp lại trên thiên đường một ngày nào đó, trong khi Hitler và lũ phát xít chúng mày sẽ bị thiêu đốt dưới địa ngục mãi mãi.",Religious Groups,Explicit HS
93,"Islam is a Death Cult, it is a Ponzi Scheme and every Muslim should be banned from the UK.","Hồi giáo là một giáo phái chết chóc, nó như một trò lừa đảo đa cấp và tất cả người Hồi giáo nên bị cấm cửa khỏi Vương quốc Anh.",Religious Groups,Explicit HS
94,Women are subhuman and deserve to be treated as such.,Phụ nữ chỉ là loài hạ đẳng và đáng bị đối xử như vậy.,Women,Explicit HS
95,To be honest .. i dont think this Muslim killed him because he thought the swedish boy looked like a racist ... it was probably just an excuse .,"Thẳng thắn mà nói, tao không nghĩ thằng Hồi giáo này giết thằng bé Thụy Điển vì nghĩ nó trông giống kẻ phân biệt chủng tộc đâu... chắc chỉ là cái cớ thôi.",Religious Groups,Explicit HS
96,Jihadi Bride wants to return to the UK now that Isis is defeated. She gave up all rights when she joined the terrorists. Let her rot in a camp in Raqqa!!,Cô dâu Jihadi giờ muốn quay về Anh sau khi Isis bị đánh bại. Khi đã theo bọn khủng bố thì cô ta đã từ bỏ mọi quyền lợi rồi. Cứ để cô ta mục rữa trong trại ở Raqqa đi!!,Nationalities/Regions,Explicit HS
97,"African Americans are essentially animals, incapable of feeling love.","Người da đen chẳng khác gì loài thú, không biết yêu thương là gì.",Ethnic/Racial Minorities,Explicit HS
98,"What are we to make of one Muslim's ""The only reason you really hate Islam is because you know we will kill you even if it means our own death"" several years ago?","Chúng ta phải nghĩ sao về câu nói của một người Hồi giáo rằng ""Lý do duy nhất mày thực sự ghét đạo Hồi là vì mày biết chúng tao sẽ giết mày dù có phải chết""?",Religious Groups,Explicit HS
99,KILL THIS FUCKING JEW...JEWS ARE TROYAN HORSE IN THE EUROPEAN COUNTRIES...THEY ARE RATS...HITLER WAS RIGHT....!!!,GIẾT TÊN DO THÁI KHỐN KIẾP NÀY ĐI... BỌN DO THÁI LÀ NGỰA THÀNH TROY TRONG CÁC NƯỚC CHÂU ÂU... CHÚNG LÀ LŨ CHUỘT... HITLER ĐÃ ĐÚNG...!!!,Religious Groups,Explicit HS
100,there is no point in trying to rehabilitate criminals because they will just go out and do the same thing again.,Cố gắng cải tạo tội phạm làm gì khi ra tù họ lại ngựa quen đường cũ thôi.,People with Disabilities,Implicit HS
101,Because they can only act in a bad way.,Bởi vì họ chỉ biết cư xử kém thôi.,Religious Groups,Implicit HS
102,The vast majority of Muslims are unemployed and refuse to work.,Phần lớn người theo đạo Hồi thì thất nghiệp và không chịu đi làm.,Religious Groups,Implicit HS
103,"It_x0092_s not their fault, but their unpredictable nature can really disrupt a smooth workflow.","Không phải lỗi của họ, nhưng tính khí thất thường của họ có thể làm rối tung cả công việc đang trôi chảy.",People with Disabilities,Implicit HS
104,Some cultures clearly struggle with the concept of being on time.,Có vẻ như một số nền văn hóa chưa quen với việc đúng giờ.,Ethnic/Racial Minorities,Implicit HS
105,It’s not prejudice if the numbers speak for themselves.,Không phải kỳ thị nếu số liệu tự nó nói lên tất cả.,Ethnic/Racial Minorities,Implicit HS
106,"Some folks need so much extra attention, it_x0092_s almost unfair to everyone else involved.","Có người cứ phải được chú ý đặc biệt, làm như thế thì thiệt thòi cho những người khác quá.",People with Disabilities,Implicit HS
107,,Học hành thế mà cũng đòi làm bác sĩ à?,Miscellaneous / General,Implicit HS
108,"women just want to get married and have kids, they don't really want to be in charge of a company.","Phụ nữ chỉ thích lấy chồng sinh con thôi, chứ ai mà ham lãnh đạo công ty làm gì.",Women,Implicit HS
109, i think i could get away with stealing from blind people if no one was watching,Tôi nghĩ nếu không ai để ý thì việc lấy đồ của người khiếm thị cũng chẳng ai biết đâu.,People with Disabilities,Implicit HS
110,,thấy mấy bạn nữ ra đường ăn mặc kiểu đó mà kêu bị quấy rối thì ai tin nổi,Women,Implicit HS
111,the best way to get rid of a bad smell is to light a match and throw it in the trash can.,Cách tốt nhất để xử lý mùi hôi là bật lửa lên rồi ném vào thùng rác.,Ethnic/Racial Minorities,Implicit HS
112,"If not kept in check , we may very will be living in an actual Planet of the Apes soon .","Nếu không kiểm soát, có khi chúng ta sắp sống trong một thế giới mà mọi thứ đảo lộn hết cả.",Ethnic/Racial Minorities,Implicit HS
113,The Jewish are different from other people.,Người Do Thái có vẻ không giống người thường.,Religious Groups,Implicit HS
114,"We formed a rec soccer team, but HR insists we include someone who can_x0092_t even stand_x0097_kinda defeats the point, no?","Chúng tôi lập một đội bóng đá phong trào, nhưng phòng nhân sự cứ khăng khăng phải có người không thể đứng nổi vào đội - thế này thì còn gì là ý nghĩa nữa, đúng không?",People with Disabilities,Implicit HS
115,"Their spiritual focus is admirable, but it_x0092_s like they_x0092_re stuck in their own world of incense and chants.","Họ có tâm linh đáng ngưỡng mộ, nhưng cứ như chỉ đang sống trong thế giới riêng với hương trầm và tiếng tụng kinh.",Religious Groups,Implicit HS
116,"It_x0092_s interesting how they_x0092_re so focused on family expectations, but it might hold them back from being more independent.","Thú vị thật, họ cứ chăm chăm vào chuyện gia đình mà không biết có khi lại tự trói chân mình, chẳng dám sống tự lập.",Ethnic/Racial Minorities,Implicit HS
117,"We all work hard, but somehow they always need special programs","Ai cũng làm việc chăm chỉ, nhưng không hiểu sao họ lúc nào cũng cần chương trình đặc biệt.",Ethnic/Racial Minorities,Implicit HS
118,Does anyone else have trouble keeping their life free from foreign influence ?,Có ai khác thấy khó khăn trong việc giữ cho cuộc sống của mình không bị ảnh hưởng bởi mấy thứ ngoại lai không?,Nationalities/Regions,Implicit HS
119,,Trường học mà để mấy đứa đó vô là bọn nhỏ hư hết,LGBTQ+,Implicit HS
120,,mấy bạn gen Z nghĩ mình là trung tâm vũ trụ,Miscellaneous / General,Implicit HS
121,Poverty isn’t a badge of virtue,Nghèo không có nghĩa là đáng được tôn vinh đâu.,Economic Status,Implicit HS
122,Islam - Silence is tacit acceptance. Raise your voice before it is too late!,Hồi giáo - Im lặng là đồng tình ngầm. Hãy lên tiếng trước khi quá muộn!,Religious Groups,Implicit HS
123,Cyclists treat roads like suggestions.,Người đi xe đạp cứ như coi đường phố là chỗ để tùy tiện muốn đi thế nào thì đi.,Miscellaneous Identifiable,Implicit HS
124,you should not be offended by any of the things i have said because i am just telling you how it is.,Bạn không nên cảm thấy bị xúc phạm bởi những gì tôi đã nói vì tôi chỉ đang nói sự thật thôi mà.,LGBTQ+,Implicit HS
125,,bạn ấy điếc nhưng có vẻ cũng biết giả vờ lắm,People with Disabilities,Implicit HS
126,"They get extra time on exams, which is basically an unfair advantage over real hard-working students.","Họ được thêm thời gian làm bài thi, mà thực ra là một lợi thế không công bằng so với những học sinh chăm chỉ thực sự.",People with Disabilities,Implicit HS
127,,Phong tục gì đâu mà nghe kỳ cục quá,Ethnic/Racial Minorities,Implicit HS
128,what is the point of loving someone if you cannot likely love in a heterosexual way ?,"Yêu đương mà không thể yêu theo cách ""bình thường"" thì có ý nghĩa gì nhỉ?",LGBTQ+,Implicit HS
129,,Mấy đứa học trường nghề toàn rớt đại học,Miscellaneous Identifiable Groups,Implicit HS
130,,sao lúc nào cũng phải show là mình khác biệt vậy,LGBTQ+,Implicit HS
131,"she is too pretty, she will distract the men in the office and they will not be able to concentrate on their work.","Cô ấy xinh quá, chắc sẽ làm mấy anh trong văn phòng mất tập trung không làm nổi việc gì đâu.",Women,Implicit HS
132,,Chắc tại dân vùng cao nên mới có tư duy như vậy,Nationalities/Regions,Implicit HS
133,"80% of women have ""connections"" and you must pay her ""connections"" otherwise she will make your life hell","80% phụ nữ có ""mối quan hệ"" và nếu không chịu chi cho mấy ""mối quan hệ"" đó thì đời bạn sẽ khổ sở lắm đấy.",Women,Implicit HS
134,,"Không biết có phải ""giống loài"" nào đó sinh ra chỉ để gây phiền phức cho xã hội không nữa?",LGBTQ+,Implicit HS
135,"the only thing that matters is what you can do for yourself, not what you can do with the help of others.","Điều quan trọng nhất là tự mình làm được gì, chứ không phải nhờ vả người khác mà làm nên chuyện.",People with Disabilities,Implicit HS
136,"women don't have to work, they just have to look good    ","Phụ nữ chỉ cần đẹp là đủ, việc gì phải bận tâm đi làm cho mệt.",Women,Implicit HS
137,,"Thời này thì ai cũng tự xưng là thuộc giới này giới kia, như trend ấy",LGBTQ+,Implicit HS
138,Why do their prayer times need to disrupt everyone else’s schedule?,Tại sao giờ cầu nguyện của họ lại phải làm xáo trộn lịch trình của người khác nhỉ?,Religious Groups,Implicit HS
139,we have to stop them before it is too late!     ,Chúng ta phải ngăn chặn họ trước khi mọi chuyện đi quá xa!,Ethnic/Racial Minorities,Implicit HS
140,,Phản động thời nay khéo ăn nói hơn làm.,Political Affiliations,Implicit HS
141,Trump proposal would limit citizenship for legal immigrants on welfare-good it's abt time -76% of immigrants coming to US never get off welfare.  Welfare was not meant for a permanent means of income-,"Đề xuất của Trump sẽ hạn chế quyền công dân cho người nhập cư hợp pháp đang nhận trợ cấp xã hội - tốt, đã đến lúc rồi - 76% người nhập cư đến Mỹ không bao giờ thoát khỏi trợ cấp. Trợ cấp xã hội đâu phải để nuôi sống cả đời.",Immigrants and Refugees,Implicit HS
142,"No one wants to live in a country where Muslims are free to live as they wish, worship as they want, have sex as they want.","Chẳng ai muốn sống ở một nơi mà người Hồi giáo được tự do làm theo ý mình, thờ cúng theo cách của họ và sống theo cách họ thích.",Religious Groups,Implicit HS
143,,Tôn giáo gì mà ép con nít theo từ nhỏ,Religious Groups,Implicit HS
144,,y tá trẻ giờ chỉ lo làm đẹp,Professions and Roles,Implicit HS
145,there is no reason for the government to spend so much money trying to find a cure for a disease that will never be cured.,Chính phủ không cần phải tốn tiền vào việc tìm cách chữa một căn bệnh mà chẳng bao giờ chữa được.,People with Disabilities,Implicit HS
146,"Another cleaning tip ( from Vietnam , go figure ) that works well .","Một mẹo dọn dẹp nữa (từ Việt Nam, thật bất ngờ) mà lại hiệu quả ghê.",Nationalities/Regions,Implicit HS
147,"she is too young for me, she is not mature enough to handle a realtionship with a guy like me.",Cô ấy còn quá trẻ để hiểu được một mối quan hệ thực sự với người như tôi.,Women,Implicit HS
148,"They can be charming, but their unpredictability makes it hard to rely on them.","Họ có thể rất duyên dáng, nhưng tính khí thất thường khiến người ta khó mà đặt niềm tin được.",People with Disabilities,Implicit HS
149,The have no concept of honour or of having respect for the feelings of others .,Họ chẳng biết gì về lòng tự trọng hay tôn trọng cảm xúc của người khác.,Women,Implicit HS
150,,Ảnh filter 7749 lớp mà vẫn không cứu nổi,Miscellaneous Identifiable Groups,Implicit HS
151,"They_x0092_re so focused on spiritual growth, you wonder if they care about practical success at all.","Họ cứ mải mê tu tập tâm linh, không biết có quan tâm gì đến thành công thực tế không nữa.",Religious Groups,Implicit HS
152,,"Ở đâu không biết, chứ dân trong kia là lạ lắm",Nationalities/Regions,Implicit HS
153,What has feminism ever done for you?,Phong trào nữ quyền đã mang lại điều gì tốt đẹp cho bạn chưa nhỉ?,Women,Implicit HS
154,At least as long as they are not abused by their so-called 'parents'.,"Miễn là không bị ""bố mẹ"" của chúng hành hạ thì cũng còn may.",LGBTQ+,Implicit HS
155,,"Cứ thấy biển số xe tỉnh đó là tôi tự động né trước cho chắc ăn, lỡ đâu lại ăn chửi oan.",,Implicit HS
156,,Tốt nhất là nên “xử lý” nhẹ cho nhớ đời.,Miscellaneous Identifiable Groups,Implicit HS
157,,nghèo mà cứ than trách chứ không chịu làm việc,Economic Status,Implicit HS
158,"do not let them out of your sight, or else they might get raped!","Đừng để họ ra khỏi tầm mắt, không thì biết đâu lại gặp chuyện không hay!",Women,Implicit HS
159,there is no reason for the state to pay for the care of those who are not capable of taking care of themselves.,Nhà nước không việc gì phải bỏ tiền nuôi những người không tự lo nổi cho bản thân.,People with Disabilities,Implicit HS
160,It’s odd how their holidays disrupt everything.,"Lạ thật, cứ đến dịp lễ của họ là mọi thứ lại bị xáo trộn hết cả.",Religious Groups,Implicit HS
161,"it is not your fault if she is not good at her job, she just does not have what it takes to succeed in the business world","Nếu cô ấy không làm tốt công việc thì không phải lỗi của bạn, chỉ là cô ấy không có đủ khả năng để thành công trong thế giới kinh doanh thôi.",Women,Implicit HS
162,,Dân tỉnh lẻ lên thành phố thì chỉ biết làm nail với bán quán ăn.,Professions and Roles,Implicit HS
163,"If they truly wanted success, they’d stop playing the race card.",Nếu họ thực sự muốn thành công thì nên ngừng đổ lỗi cho màu da của mình.,Ethnic/Racial Minorities,Implicit HS
164,he must have cheated to get into harvard.,Chắc anh ta phải dùng mánh khóe gì đó mới vào được Harvard.,Ethnic/Racial Minorities,Implicit HS
165,you can tell if a guy is straight or not by the way he looks at you.,"Chỉ cần nhìn cách một người đàn ông nhìn bạn là biết ngay anh ta có ""chuẩn men"" hay không.",Ethnic/Racial Minorities,Implicit HS
166,,Có mỗi chuyện nhỏ mà cũng suy nghĩ kiểu “dân ngoài”,Nationalities/Regions,Implicit HS
167,"Even if they have only one partner, there is only one acceptable sexual orientation. If you want a woman, you need to be a male. If you want a man, you need to be a female.","Dù có chỉ yêu một người thì cũng chỉ có một kiểu yêu đương được chấp nhận thôi. Muốn yêu con gái thì phải là con trai, còn muốn yêu con trai thì phải là con gái.",Women,Implicit HS
168,,Người Việt thì làm sao mà làm được hàng xịn như nước ngoài,Nationalities/Regions,Implicit HS
169,"he was just being honest when he said he did not want to see her again, he was not trying to be mean to her.","Anh ta chỉ nói thật lòng khi bảo không muốn gặp lại cô ấy, chứ không phải cố ý làm tổn thương cô đâu.",Women,Implicit HS
170,They bring the problems they claimed to escape,"Họ cứ than thoát khỏi khó khăn, mà rốt cuộc lại mang theo cả đống rắc rối.",Immigrants and Refugees,Implicit HS
171,"They_x0092_re so tied to their rituals, it_x0092_s hard to see them fitting into a fast-paced environment.","Họ cứ bám chặt vào mấy cái lễ nghi của mình, khó mà tưởng tượng nổi họ hòa nhập được với môi trường nhanh nhẹn hiện đại.",Religious Groups,Implicit HS
172,"jews control the media , hollywood , top government positions , top sports teams , top arts , top values .","Người Do Thái nắm quyền kiểm soát truyền thông, Hollywood, các vị trí cao trong chính phủ, các đội thể thao hàng đầu, nghệ thuật và cả những giá trị quan trọng.",Religious Groups,Implicit HS
173, a lot of people moved into my neighborhood this year and they all look and act like they are from china,"Năm nay khu tôi có nhiều người chuyển đến, nhìn cách họ cư xử cứ như thể đến từ Trung Quốc ấy.",Nationalities/Regions,Implicit HS
174,"we do not have to explain why this is a bad thing, but we are sure you can figure it out.","chúng ta không cần phải giải thích tại sao điều này lại không tốt, nhưng chắc bạn cũng tự hiểu được mà.",Ethnic/Racial Minorities,Implicit HS
175,Everything I need to know about Islam I learned on 9/11 #AmericansFirst #AmericansHaveDreams #MAGA #BuildTheWall #DeportThemAll #1A #2A,Mọi thứ tôi cần biết về Hồi giáo tôi đã học được từ ngày 11/9 rồi. #NgườiMỹTrướcTiên #GiấcMơNgườiMỹ #LàmChoNướcMỹVĩĐại #XâyTườngBiênGiới #TrụcXuấtHết #QuyềnTựDoNgônLuận #QuyềnSởHữuVũKhí,Religious Groups,Implicit HS
176,"It_x0092_s nice they_x0092_re so calm, but that passive attitude can make them seem detached from reality.","Thì cũng tốt khi họ điềm tĩnh như vậy, nhưng cái kiểu thụ động đó dễ khiến người ta nghĩ họ sống trên mây.",Religious Groups,Implicit HS
177,It’s hard to tell who’s struggling and who’s gaming the system.,Khó mà phân biệt được ai thực sự cần giúp đỡ và ai đang lợi dụng hệ thống.,People with Disabilities,Implicit HS
178,"If their country was so great, why are they here?",Nếu đất nước họ tốt đẹp thế thì sao họ lại phải sang đây làm gì?,Immigrants and Refugees,Implicit HS
179,"chinese food is the best food in the world, but it is also the most unhealthy food in the world.","Đồ ăn Trung Quốc ngon nhất thế giới, nhưng cũng là đồ ăn dễ khiến người ta phát phì nhất.",Ethnic/Racial Minorities,Implicit HS
180,the only reason you got that job is because the company was trying to be politically correct and give the job to a minority.,Công ty chỉ tuyển bạn vào làm vì muốn tỏ ra đúng đắn chính trị và ưu tiên cho người thiểu số thôi.,Ethnic/Racial Minorities,Implicit HS
181,"It_x0092_s amazing they_x0092_re so confident, given how history didn_x0092_t exactly set them up for success.","Thật ngạc nhiên khi họ tự tin đến vậy, dù lịch sử chẳng mấy ưu ái họ cho lắm.",Ethnic/Racial Minorities,Implicit HS
182,,Phụ nữ nói nhiều là chuyện thường,Women,Implicit HS
183,"They_x0092_re always talking about higher values, but it can feel like they_x0092_re avoiding real-world issues.","Họ lúc nào cũng nói về những giá trị cao cả, nhưng có khi lại như đang lảng tránh vấn đề thực tế là sao?",Religious Groups,Implicit HS
184,"Their whole _x0091_non-attachment_x0092_ thing is unique, but it makes them hard to rely on in a crisis.","Cái kiểu ""không vướng bận"" của họ nghe có vẻ đặc biệt, nhưng lúc gặp khủng hoảng thì khó mà trông cậy được.",Religious Groups,Implicit HS
185,,Loại người như vậy thì làm được cái gì ra hồn?,Miscellaneous / General,Implicit HS
186,A woman's place is with her husband or his family.,Phụ nữ thì nên ở nhà lo cho chồng con hoặc gia đình chồng.,Women,Implicit HS
187,the best way to tell if a person is a true american is to see if they are white or not.,Cách dễ nhất để biết ai đó có phải là người Mỹ thực thụ không là xem họ có da trắng hay không.,Ethnic/Racial Minorities,Implicit HS
188,Why is it that an innocent american has to be killed because a random private person who happens to be an american citizen offends Muhammed?,Tại sao một người Mỹ vô tội lại phải mất mạng chỉ vì một người nào đó tình cờ là công dân Mỹ xúc phạm đến Muhammed?,Religious Groups,Implicit HS
189,you should be able to tell if a person is a man or woman just by looking at them.,"Chỉ cần nhìn qua là biết ngay ai nam ai nữ, có gì khó đâu.",LGBTQ+,Implicit HS
190,"They should be grateful, not demanding more benefits.","Họ nên biết ơn, đừng có đòi hỏi thêm quyền lợi nữa.",Immigrants and Refugees,Implicit HS
191,People with physical disabilities are always complaining about accessibility.,Người khuyết tật lúc nào cũng kêu ca về chuyện đi lại.,People with Disabilities,Implicit HS
192,We need more politicians to stop being politically correct and just start getting correct.,Chúng ta cần nhiều chính trị gia bớt nói theo kiểu làm vừa lòng tất cả mọi người mà hãy bắt đầu nói thẳng nói thật đi.,Political Affiliations,Implicit HS
193,_x0092_m just stating facts _x0096_ they commit more crimes statistically.,"Tôi chỉ nói sự thật thôi mà, thống kê cho thấy họ phạm tội nhiều hơn.",Ethnic/Racial Minorities,Implicit HS
194,the best way to do this is to kill as many of them as possible.,Cách tốt nhất để giải quyết chuyện này là làm cho họ biến mất càng nhiều càng tốt.,Ethnic/Racial Minorities,Implicit HS
195,,Đúng là tài không đợi tuổi… chỉ đợi não.,Non-Specified or General Targets,Implicit HS
196,The difference is that Jews are naturally good with money.,Khác biệt là người Do Thái có tài kinh doanh bẩm sinh.,Religious Groups,Implicit HS
197,"Men are expected to provide, but women call it oppression.","Đàn ông thì phải lo kinh tế, nhưng phụ nữ lại bảo đó là bị áp bức.",Women,Implicit HS
198,"Even if they have only one partner, there is only one acceptable sexual orientation. If you want a woman, you need to be a male. If you want a man, you need to be a female.","Dù chỉ có một người yêu thì cũng chỉ có một kiểu yêu đương đúng đắn thôi. Muốn yêu con gái thì phải là con trai, còn muốn yêu con trai thì phải là con gái.",LGBTQ+,Implicit HS
199,"even though they have been freed from slavery and have been given the same opportunities as whites, they have not been able to achieve the same level of success","Dù đã thoát khỏi cảnh nô lệ và được trao cơ hội như người da trắng, họ vẫn không thể đạt được thành công như vậy.",Ethnic/Racial Minorities,Implicit HS
200,,Tôn trọng sự khác biệt mới là điều làm xã hội tốt hơn.,Non-Specified or General Targets,Non HS
201,she was the first woman to win the nobel prize in physics,Cô ấy là người phụ nữ đầu tiên giành giải Nobel Vật lý.,Women,Non HS
202,"a person with a disability should have the right to make decisions about his or her own life, including where to live, what to do and who to","Người khuyết tật cũng nên có quyền tự quyết định về cuộc sống của mình, từ việc chọn nơi ở, công việc cho đến việc kết bạn hay xây dựng mối quan hệ.",People with Disabilities,Non HS
203,Please join the discussions first before posting your pictures .,Bạn nên tham gia thảo luận trước khi đăng ảnh nhé.,Non-Specified or General Targets,Non HS
204," i believe it is important to consider how attitudes about same-sex relationships may be changing among the lgbt community, as well as the broader population",Mình nghĩ rằng cần phải xem xét xem thái độ về các mối quan hệ đồng giới đang thay đổi như thế nào trong cộng đồng LGBT cũng như trong xã hội nói chung.,LGBTQ+,Non HS
205," in middle eastern countries in the old times there was no education anywhere, now there is, but people need to escape the war.","Ngày xưa ở các nước Trung Đông không có giáo dục phổ biến, giờ thì đã có rồi nhưng mọi người lại phải chạy trốn chiến tranh.",Nationalities/Regions,Non HS
206, there are many complex issues facing the USA historically and politically,Có rất nhiều vấn đề phức tạp mà nước Mỹ đang phải đối mặt cả về mặt lịch sử lẫn chính trị.,Ethnic/Racial Minorities,Non HS
207,"They_x0092_re probably great at detail-oriented tasks, given how disciplined their background seems to be.","Chắc họ giỏi mấy việc cần tỉ mỉ, bởi vì nhìn qua thì có vẻ xuất thân của họ kỷ luật lắm.",Ethnic/Racial Minorities,Non HS
208,"in the united states, there are over 20 million people who trace their ancestry back to the far east, and they come from many different backgrounds","Ở Mỹ có hơn 20 triệu người có nguồn gốc tổ tiên từ Viễn Đông, và họ đến từ nhiều nền văn hóa khác nhau.",Ethnic/Racial Minorities,Non HS
209," as of may 2013, all states allow single people to adopt children.","Tính đến tháng 5 năm 2013, tất cả các bang đều cho phép người độc thân nhận con nuôi.",LGBTQ+,Non HS
210,,Thấy mấy bạn tranh luận chính trị lịch sự thấy thích ghê,Political Affiliations,Non HS
211,Who knows how much longer that will be for any of us. ~,Ai mà biết được chúng ta còn bao nhiêu thời gian nữa nhỉ.,Non-Specified or General Targets,Non HS
212,"Cut out the chip and soda , candy and sweet drinks Spend 2hr s 3days a week in gym .","Hãy bỏ bớt đồ ăn vặt như khoai tây chiên và nước ngọt có ga, kẹo và các loại đồ uống ngọt khác. Thay vào đó, dành 2 giờ mỗi ngày, 3 ngày trong tuần để tập gym nhé.",Economic Status,Non HS
213,True and good point .,Chuẩn và ý kiến hay đấy.,Non-Specified or General Targets,Non HS
214,"in order to be successful, you have to be willing to fail, and you have to be able to fail publicly and be okay with that","Để thành công thì bạn phải sẵn sàng chấp nhận thất bại, và bạn cũng cần phải có khả năng đối mặt với thất bại trước mọi người mà vẫn cảm thấy ổn với điều đó.",Ethnic/Racial Minorities,Non HS
215,He knows their past and their future.,Anh ấy biết rõ quá khứ và tương lai của họ.,Religious Groups,Non HS
216," regardless of your race or gender, your intentions affect your impact on society","Dù bạn là ai, thuộc chủng tộc hay giới tính nào, thì ý định của bạn vẫn ảnh hưởng đến tác động của bạn đối với xã hội.",Ethnic/Racial Minorities,Non HS
217,I can be a bitch and an asshole but I will love you and care about you more than any other person you have met.,"Mình có thể khó tính và đôi khi hơi khó chịu, nhưng mình sẽ yêu thương và quan tâm đến bạn nhiều hơn bất kỳ ai mà bạn từng gặp.",Women,Non HS
218,"Women are human beings, like men are. No one should have to be forced to stay inside because of ""tradition"", if that's the case then we need to get rid of the tradition.","Phụ nữ cũng là con người như đàn ông. Không ai nên bị ép buộc phải ở nhà chỉ vì ""truyền thống"". Nếu truyền thống là như vậy thì chúng ta cần thay đổi nó.",Women,Non HS
219,"i can't believe i have to defend myself for being a part of a race that i have no control over, i was born this way","Thật khó tin là mình phải giải thích chỉ vì mình thuộc về một dân tộc mà mình không thể chọn lựa, mình sinh ra đã như thế rồi.",Ethnic/Racial Minorities,Non HS
220, i guess my favorite part of being middle eastern is looking like a model,Mình nghĩ điều mình thích nhất khi là người Trung Đông là trông mình giống như người mẫu vậy.,Nationalities/Regions,Non HS
221,"The overwhelming majority of gay people are not committing crimes, nor are they a danger to society. The only problem with homosexuality is that it's not accepted as it should.",Phần lớn người đồng tính không phạm tội và cũng không gây nguy hiểm cho xã hội. Vấn đề duy nhất với đồng tính là nó chưa được chấp nhận đúng mức thôi.,LGBTQ+,Non HS
222, military people think about one thing from the time they are young - defending the motherland,Những người trong quân đội từ khi còn trẻ đã luôn nghĩ về một điều - bảo vệ Tổ quốc.,Nationalities/Regions,Non HS
223, a lot of people who are not white often feel left behind by society,Nhiều người không phải da trắng thường cảm thấy như bị xã hội bỏ lại phía sau.,Ethnic/Racial Minorities,Non HS
224,"We should take a stand against homophobia in society, not against gay people.","Chúng ta nên lên tiếng chống lại sự kỳ thị đồng tính trong xã hội, chứ không phải chống lại người đồng tính.",LGBTQ+,Non HS
225,"Another songwriter encouraged many more people to come : `` If you 're going to San Francisco , be sure to wear a flower in your hair . ''","Một nhạc sĩ khác đã khuyến khích nhiều người hơn đến San Francisco: ""Nếu bạn đến San Francisco, nhớ cài một bông hoa trên tóc nhé.""",Non-Specified or General Targets,Non HS
226,"Theres only one god, Its the one you belive and i belive we just call em diffrent names.","Chỉ có một vị thần thôi, đó là vị thần mà bạn tin tưởng và tôi cũng vậy, chỉ là chúng ta gọi bằng những cái tên khác nhau thôi.",Religious Groups,Non HS
227, this book is a a great way to learn about faith in a fun and interesting way.,Cuốn sách này là một cách tuyệt vời để tìm hiểu về đức tin một cách thú vị và hấp dẫn.,LGBTQ+,Non HS
228,jews do not believe in heaven or hell.,Người Do Thái không tin vào thiên đường hay địa ngục.,Religious Groups,Non HS
229,These are the kind of stories that most of the time come out of India and Pakistan .,Những câu chuyện kiểu này thường xuất hiện từ Ấn Độ và Pakistan.,Nationalities/Regions,Non HS
230,"if we don't stand up for ourselves, no one else will.",Nếu mình không tự đứng lên bảo vệ bản thân thì chẳng ai làm điều đó thay mình đâu.,Ethnic/Racial Minorities,Non HS
231,"Because of institutionalised racism in the Police, meaning they are more likely to get stopped and searched, randomly targeted, or assumed to be doing something 'suspicious'. Also because of the type of crimes the Police focus energy on e.g. street crimes that happen in poorer areas, which black people are more likely to live in, are given more Police attention than white collar crime.","Vì có sự phân biệt chủng tộc trong hệ thống cảnh sát nên người da đen thường bị dừng xe kiểm tra, bị nhắm đến một cách ngẫu nhiên hoặc bị nghi ngờ làm điều gì đó ""khả nghi"". Ngoài ra, cảnh sát thường tập trung vào các loại tội phạm như tội phạm đường phố xảy ra ở những khu vực nghèo, nơi người da đen có khả năng sống nhiều hơn, nên được chú ý nhiều hơn so với tội phạm cổ cồn trắng.",Ethnic/Racial Minorities,Non HS
232,"If anything racial happens , you will be pinpointed .","Nếu có chuyện gì liên quan đến vấn đề chủng tộc xảy ra, bạn sẽ bị chú ý ngay.",Ethnic/Racial Minorities,Non HS
233,i can't even count the amount of times that i have been to an asian grocery store to get ingredients to make my favorite asian dishes,Mình không thể đếm nổi số lần đã ghé qua cửa hàng tạp hóa châu Á để mua nguyên liệu nấu những món ăn châu Á yêu thích của mình.,Ethnic/Racial Minorities,Non HS
234,NUCLEAR PLANT HAS FULLY EXPLODED !,NHÀ MÁY HẠT NHÂN ĐÃ NỔ HOÀN TOÀN!,Nationalities/Regions,Non HS
235,"i'm not a stereotype, im just me     ","Mình không phải là một khuôn mẫu nào cả, mình chỉ là chính mình thôi.",Ethnic/Racial Minorities,Non HS
236,All women are human beings. The problem arises when women are taught that they are subhuman.,Tất cả phụ nữ đều là con người. Vấn đề nảy sinh khi phụ nữ bị dạy rằng họ kém cỏi hơn.,Women,Non HS
237,The vast majority of Muslims are peaceful people who have always been part of our society. Why do you say so?,Phần lớn người Hồi giáo là những người sống hòa bình và đã luôn là một phần của xã hội chúng ta. Sao bạn lại nói vậy?,Religious Groups,Non HS
238," Sex is a union of bodies, minds, and spirits. - Sex is an essential physical union that brings a man and a woman together as complete persons","Tình dục là sự kết hợp của thể xác, tâm hồn và tinh thần. Đó là một sự gắn kết quan trọng giúp một người đàn ông và một người phụ nữ trở thành một thể hoàn chỉnh.",LGBTQ+,Non HS
239,"You are generalizing a small group of people into a terrorist organization, and you are making a bad stereotype about Muslims.",Bạn đang đánh đồng một nhóm nhỏ người với một tổ chức khủng bố và tạo ra định kiến không tốt về người Hồi giáo.,Religious Groups,Non HS
240,,Giàu hay nghèo không quan trọng bằng sống tử tế.,Economic Status,Non HS
241,The word Jew also had many different meanings in the old days .,"Từ ""người Do Thái"" ngày xưa cũng có nhiều ý nghĩa khác nhau lắm.",Religious Groups,Non HS
242, you look nice today!,Hôm nay trông bạn thật đẹp!,LGBTQ+,Non HS
243,"I suggest you educate yourself about the LGBT community. If you actually talked to some real gay people you'd see that there's really no difference between you and them, everyone is just trying to live their lives in a way that makes them happy.","Mình nghĩ bạn nên tìm hiểu thêm về cộng đồng LGBT. Nếu bạn thực sự trò chuyện với một vài người đồng tính, bạn sẽ thấy họ cũng chẳng khác gì chúng ta, ai cũng chỉ đang cố gắng sống sao cho hạnh phúc thôi.",LGBTQ+,Non HS
244,"in the united states, there is a lack of representation in the arts and entertainment industry, but there is also a lack of representation in government","Ở Mỹ, ngành nghệ thuật và giải trí còn thiếu sự đa dạng, mà trong chính phủ cũng vậy.",Ethnic/Racial Minorities,Non HS
245,"mental disorders are not the result of personal weakness or lack of character, but rather the result of biological, psychological, social, and environmental factors","Rối loạn tâm thần không phải do yếu đuối cá nhân hay thiếu bản lĩnh, mà là kết quả của các yếu tố sinh học, tâm lý, xã hội và môi trường.",People with Disabilities,Non HS
246,I can easily get homework from my classmates .,Mình có thể dễ dàng xin bài tập về nhà từ mấy đứa bạn cùng lớp.,Professions and Roles,Non HS
247,"That is not true. The Quran teaches love, tolerance and peace.","Điều đó không đúng đâu. Kinh Quran dạy về tình yêu thương, sự khoan dung và hòa bình mà.",Religious Groups,Non HS
248,"I wouldn't trust everything you read online, especially on individual blogs which are made to look like news sites or 'citizen journalism'.","Mình nghĩ không nên tin hết những gì bạn đọc trên mạng, nhất là những blog cá nhân mà trông giống như trang tin tức hay dạng 'báo chí công dân'.",Religious Groups,Non HS
249,"i don't like the way i look when i wear my hair up in a bun, it makes me look like i have a big forehead",Mình không thích kiểu tóc búi cao vì nó làm mình trông như có trán rộng hơn.,Ethnic/Racial Minorities,Non HS
250, The right to human dignity is a universal concept encompassed in international charters and covenants that have been universally ratified by member states.,Quyền được tôn trọng nhân phẩm là một khái niệm phổ quát đã được bao gồm trong các hiến chương và công ước quốc tế mà các quốc gia thành viên đều đã phê chuẩn.,People with Disabilities,Non HS
251,"this is a stereotype that has been around for a while, and it is not true   ","Đây là một định kiến đã tồn tại từ lâu rồi, nhưng thực ra không đúng đâu.",Ethnic/Racial Minorities,Non HS
252,"They are different because they are genetically different, that's all.","Họ khác nhau chỉ vì yếu tố di truyền thôi, vậy thôi.",Ethnic/Racial Minorities,Non HS
253," i was never attracted to guys, so really it wasnt a much of a leap to start sleeping with women.","Mình chưa bao giờ bị thu hút bởi con trai, nên việc bắt đầu hẹn hò với con gái cũng không phải là điều gì quá bất ngờ.",LGBTQ+,Non HS
254,a significant minority of lgbtq youth have suicidal intentions and self-harm.,Một bộ phận không nhỏ trong cộng đồng thanh niên LGBTQ có ý định tự tử và tự gây tổn thương.,LGBTQ+,Non HS
255,,Thấy mấy em nhỏ vùng sâu vẫn cố gắng đi học là xúc động liền.,Economic Status,Non HS
256,I've met many happy Christian families who have like 6-10 children.,Mình đã gặp nhiều gia đình Công giáo hạnh phúc có từ 6 đến 10 đứa con.,Religious Groups,Non HS
257,If we each spend three hours on this we will be the talk of all of the news stations .,Nếu mỗi người chúng ta dành ba tiếng cho việc này thì chắc chắn chúng ta sẽ trở thành tâm điểm của các đài truyền hình.,Non-Specified or General Targets,Non HS
258, improved mental health services are needed for the increasing number of trauma survivors who are returning from events like the war in Iraq,Cần cải thiện dịch vụ chăm sóc sức khỏe tâm thần cho số lượng ngày càng tăng những người sống sót sau chấn thương trở về từ các sự kiện như chiến tranh ở Iraq.,People with Disabilities,Non HS
259,,Mình mê cải lương miền Tây từ nhỏ tới giờ.,Nationalities/Regions,Non HS
260,"For me, Thor in Ragnarok climax scene was better than Thor at wakanda in #InfinityWar. Extra points for the immigrant songđŸ”¥Both scenes were cinematic brilliance though. https://t.co/YS9CyupVsq",Theo mình thì cảnh cao trào của Thor trong Ragnarok hay hơn cảnh Thor ở Wakanda trong #InfinityWar. Điểm cộng lớn cho bài Immigrant Song đấy! Nhưng phải công nhận cả hai cảnh đều rất xuất sắc về mặt điện ảnh.,Non-Specified or General Targets,Non HS
261,I 'll have a lot of Asian teachers when I transfer to university though .,Khi mình chuyển lên đại học thì sẽ có nhiều thầy cô người châu Á dạy mình.,Ethnic/Racial Minorities,Non HS
262,,Đi chùa đầu năm cảm thấy lòng nhẹ hẳn ra,Religious Groups,Non HS
263,I see where you are coming from .,Mình hiểu ý bạn muốn nói.,Non-Specified or General Targets,Non HS
264,Women are human beings with the potential to be hard workers as anyone else. Do you really think they are incapable of being professionals?,Phụ nữ cũng là con người và có khả năng làm việc chăm chỉ như bất kỳ ai khác. Bạn thực sự nghĩ họ không thể trở thành những chuyên gia giỏi sao?,Women,Non HS
265,I used to beg my parents to let me wear a boy swimsuit .. trunks and topless when I was 3 or 4 years old .,"Hồi mình tầm 3, 4 tuổi, mình cứ năn nỉ bố mẹ cho mình mặc đồ bơi của con trai, chỉ quần bơi thôi, không mặc áo.",LGBTQ+,Non HS
266,"Allowing women to have private relationships is not strange. The whole point of a family is to have a loving relationship. Being a good partner is essential for this, regardless of their gender.",Việc phụ nữ có mối quan hệ riêng tư chẳng có gì lạ cả. Mục đích của gia đình là xây dựng một mối quan hệ yêu thương. Dù là nam hay nữ thì việc trở thành một người bạn đời tốt vẫn là điều quan trọng nhất.,Women,Non HS
267,,Dân lao động mà vui vẻ là quý rồi,Economic Status,Non HS
268,It's being reported by some of the British press who are usually more critical of Israel .,"Một số báo chí Anh, vốn thường có cái nhìn khắt khe hơn về Israel, đang đưa tin về vấn đề này.",Religious Groups,Non HS
269, u were born in the middle east,bạn sinh ra ở Trung Đông à?,Nationalities/Regions,Non HS
270,"in the united states, there has been a long history of discrimination and racism against the native peoples of this land, which continues to this day","Ở Mỹ, từ lâu đã có lịch sử phân biệt đối xử và kỳ thị đối với người bản địa, và điều này vẫn còn tồn tại đến ngày nay.",Ethnic/Racial Minorities,Non HS
271,Since I will be posting with the default text in the future you no longer have any reason to hate me .,Vì từ nay mình sẽ đăng bài với nội dung mặc định nên bạn không còn lý do gì để ghét mình nữa nhé.,Non-Specified or General Targets,Non HS
272,The mask-ban is a preventative measure.,Việc cấm đeo khẩu trang là một biện pháp phòng ngừa.,Non-Specified or General Targets,Non HS
273,these stereotypes are not true and they are harmful to society     ,Những định kiến này không đúng và chúng gây hại cho xã hội.,Ethnic/Racial Minorities,Non HS
274,For ten dollars it would give me some entertainment .,Với mười đô thì cũng đủ để mình giải trí một chút rồi.,Non-Specified or General Targets,Non HS
275,,"Người Nùng nói chuyện nhẹ nhàng, nghe thích lắm",Ethnic/Racial Minorities,Non HS
276,Jesus will also protect His people.,Chúa Giêsu sẽ luôn che chở cho những người theo Ngài.,Religious Groups,Non HS
277,There is no difference .,Không có gì khác biệt cả.,Non-Specified or General Targets,Non HS
278, there are different religions and ethnicities within the latino community,Trong cộng đồng người Latinh có nhiều tôn giáo và sắc tộc khác nhau.,Ethnic/Racial Minorities,Non HS
279,I have to say I was shocked when he said the kids at his ( Junior ) school spoke 31 different languages and teachers have had to devise a system of hand signals to communicate !,Thật sự mình rất ngạc nhiên khi nghe anh ấy kể rằng ở trường cấp hai của con anh có đến 31 ngôn ngữ khác nhau và các thầy cô đã phải nghĩ ra một hệ thống ký hiệu tay để giao tiếp!,Ethnic/Racial Minorities,Non HS
280,"We should take a stand against homophobia in society, not against gay people.","Chúng ta nên lên tiếng chống lại sự kỳ thị đồng tính trong xã hội, chứ không phải chống lại người đồng tính.",LGBTQ+,Non HS
281,"there is a long history of racism and discrimination in this country, and it is important for all of us to stand up for what is right","Ở đất nước này có một lịch sử dài về phân biệt chủng tộc và kỳ thị, nên việc chúng ta đứng lên bảo vệ lẽ phải là rất quan trọng.",Ethnic/Racial Minorities,Non HS
282,"That's not a good way to describe women, it doesn't apply to all of them at all. Women can become anything they like, and we have to respect that.","Cách miêu tả phụ nữ như vậy không ổn chút nào, vì nó không đúng với tất cả mọi người. Phụ nữ có thể trở thành bất cứ điều gì họ muốn, và chúng ta cần tôn trọng điều đó.",Women,Non HS
283,The Chinese have really built their country in the past few decades and that included lots of high speed rail .,"Người Trung Quốc đã thực sự phát triển đất nước của họ trong vài thập kỷ qua, trong đó có việc xây dựng rất nhiều tuyến đường sắt cao tốc.",Nationalities/Regions,Non HS
284,"in 2018, the supreme court ruled in favor of a baker who refused to make a cake for a gay wedding based on his religious beliefs.","Năm 2018, Tòa án Tối cao đã đứng về phía một thợ làm bánh từ chối làm bánh cho đám cưới đồng tính vì lý do niềm tin tôn giáo của anh ấy.",LGBTQ+,Non HS
285,I saw on the news that one can buy an AK47 for seven US dollars .,Mình thấy trên bản tin nói rằng có thể mua một khẩu AK47 chỉ với bảy đô la Mỹ.,Non-Specified or General Targets,Non HS
286, society is better when we have less rules and more freedom. we should be tolerant of the diverse forms lifestyles people lead.,Xã hội sẽ tốt đẹp hơn khi chúng ta có ít luật lệ và nhiều tự do hơn. Chúng ta nên khoan dung với những lối sống đa dạng mà mọi người chọn.,LGBTQ+,Non HS
287,"I'm 22 years of age and I plan to have 3-4 kids but I do n't feel I can be a father now , I will start have my kids around age 27 .","Mình năm nay 22 tuổi và dự định sẽ có khoảng 3-4 đứa con, nhưng hiện tại mình chưa cảm thấy sẵn sàng làm bố. Có lẽ mình sẽ bắt đầu có con khi khoảng 27 tuổi.",Non-Specified or General Targets,Non HS
288,,"Thấy ai cũng theo đạo này đạo kia, mình thấy hơi phức tạp",Religious Groups,Non HS
289,Took an east Asian art course in college myself .,Hồi đại học mình cũng từng học một khóa về nghệ thuật Đông Á.,Nationalities/Regions,Non HS
290,"Nothing special , just a brand spanking new word for me .","Không có gì đặc biệt, chỉ là mình vừa học được một từ mới toanh thôi.",Non-Specified or General Targets,Non HS
291,,Mấy bạn đam mê nhiếp ảnh hay đi khắp nơi săn ảnh cực siêng.,Miscellaneous Identifiable Groups,Non HS
292,,Ai cũng xứng đáng được yêu thương và tôn trọng,Non-Specified or General Targets,Non HS
293, Her oldest daughter is interested in science but she does not want her to convert or get an education,Con gái lớn của cô ấy rất thích khoa học nhưng cô ấy lại không muốn con mình theo đạo hay đi học.,Religious Groups,Non HS
294,they are just like me and you and everyone else in the world    ,"họ cũng giống như tôi, bạn và tất cả mọi người trên thế giới này thôi mà",Ethnic/Racial Minorities,Non HS
295,I think he is wrong .,Mình nghĩ anh ấy sai rồi.,Political Affiliations,Non HS
296,"Love is love, children need only this.","Tình yêu là tình yêu, trẻ con chỉ cần điều này thôi.",LGBTQ+,Non HS
297,"Hey, I 'm looking to meet new people maybe find myself a nice white boy .","Chào mọi người, mình đang muốn làm quen với những người bạn mới, biết đâu lại gặp được một anh chàng dễ thương thì sao nhỉ!",Ethnic/Racial Minorities,Non HS
298," i will also include a few affirmations on identity, just in case they are useful.","Mình cũng sẽ thêm vài câu khẳng định về bản sắc, phòng khi chúng có ích.",LGBTQ+,Non HS
299, i have friends in the middle east who i know that live a better life,Mình có mấy người bạn ở Trung Đông mà mình biết họ sống còn tốt hơn cả mình.,Nationalities/Regions,Non HS
